1082;Karen;Smitham;Karen.Smitham21@gmail.com;Karen_Smitham41
1083;Casey;Schroeder;Casey27@yahoo.com;Casey.Schroeder51
1084;Isabel;Crooks;Isabel_Crooks@yahoo.com;Isabel.Crooks
1085;Desiree;Halvorson;Desiree.Halvorson@gmail.com;Desiree_Halvorson9
1086;Christina;Willms;Christina66@hotmail.com;Christina_Willms
1087;Bernadette;Herzog;Bernadette28@yahoo.com;Bernadette36
1088;Lorena;Moen;Lorena_Moen65@yahoo.com;Lorena_Moen45
1089;Hazel;Schuppe;Hazel97@hotmail.com;Hazel_Schuppe
1090;Marion;Smitham;Marion.Smitham30@gmail.com;Marion.Smitham78
1091;Marion;Lang;Marion_Lang86@gmail.com;Marion_Lang
1092;Mae;Tromp;Mae38@hotmail.com;Mae.Tromp
1093;Ray;Beahan;Ray_Beahan17@gmail.com;Ray51
1094;Byron;Brekke;Byron62@gmail.com;Byron62
1095;Dewey;McGlynn;Dewey_McGlynn@hotmail.com;Dewey47
1096;Kenny;Wehner;Kenny11@yahoo.com;Kenny_Wehner24
1097;Mabel;Jacobs;Mabel71@hotmail.com;Mabel64
1098;Perry;O'Conner;Perry63@hotmail.com;Perry74
1099;Lonnie;Christiansen;Lonnie38@gmail.com;Lonnie_Christiansen
1100;Willis;Dickinson;Willis_Dickinson60@hotmail.com;Willis98
1101;Steven;Corkery;Steven.Corkery@gmail.com;Steven_Corkery
1102;Lorenzo;Von;Lorenzo.Von@gmail.com;Lorenzo_Von
1103;Henry;Ankunding;Henry_Ankunding75@yahoo.com;Henry28
1104;Guy;Stracke;Guy92@yahoo.com;Guy_Stracke14
1105;Darin;Heaney;Darin.Heaney@hotmail.com;Darin.Heaney
1106;Rodolfo;Turcotte;Rodolfo35@hotmail.com;Rodolfo.Turcotte67
1107;Wilbert;Block;Wilbert_Block88@gmail.com;Wilbert_Block25
1108;Fredrick;Schulist;Fredrick_Schulist91@hotmail.com;Fredrick_Schulist
1109;Lana;Glover;Lana19@yahoo.com;Lana_Glover51
1110;Jeremiah;Moore;Jeremiah.Moore@yahoo.com;Jeremiah69
1111;Enrique;Koepp;Enrique94@hotmail.com;Enrique85
1112;Deborah;Okuneva;Deborah.Okuneva55@hotmail.com;Deborah_Okuneva65
1113;Miguel;Funk;Miguel.Funk58@hotmail.com;Miguel_Funk78
1114;Kayla;Reichel;Kayla_Reichel@hotmail.com;Kayla_Reichel
1115;Rogelio;Spinka;Rogelio.Spinka41@gmail.com;Rogelio.Spinka62
1116;Rosemarie;Gulgowski;Rosemarie10@gmail.com;Rosemarie_Gulgowski30
1117;Donald;Carroll;Donald60@gmail.com;Donald_Carroll
1118;Ella;Leannon;Ella.Leannon58@gmail.com;Ella_Leannon
1119;Daryl;Brown;Daryl4@gmail.com;Daryl.Brown66
1120;Mitchell;Kemmer;Mitchell_Kemmer84@gmail.com;Mitchell_Kemmer
1121;Ebony;Yundt;Ebony85@hotmail.com;Ebony.Yundt23
1122;Karen;Willms;Karen_Willms@hotmail.com;Karen28
1123;Willard;Koelpin;Willard_Koelpin74@yahoo.com;Willard.Koelpin
1124;Kenneth;Green;Kenneth.Green@gmail.com;Kenneth_Green49
1125;Everett;Rosenbaum;Everett.Rosenbaum10@yahoo.com;Everett49
1126;Lionel;Kautzer;Lionel59@hotmail.com;Lionel1
1127;Susie;Cassin;Susie_Cassin@yahoo.com;Susie13
1128;Herbert;Farrell;Herbert.Farrell@gmail.com;Herbert_Farrell3
1129;Kari;Kulas;Kari_Kulas56@hotmail.com;Kari_Kulas
1130;Laurence;Schultz;Laurence.Schultz31@hotmail.com;Laurence86
1131;Brad;Wolf;Brad.Wolf@hotmail.com;Brad_Wolf
1132;Loretta;McGlynn;Loretta.McGlynn73@hotmail.com;Loretta_McGlynn88
1133;Lowell;Hayes;Lowell29@yahoo.com;Lowell.Hayes96
1134;Sophia;Reinger;Sophia.Reinger@gmail.com;Sophia_Reinger46
1135;Frances;Shields;Frances.Shields20@yahoo.com;Frances_Shields3
1136;Norma;Smitham;Norma83@gmail.com;Norma95
1137;Deborah;Wiegand;Deborah26@yahoo.com;Deborah.Wiegand
1138;Donald;Kunde;Donald_Kunde@hotmail.com;Donald.Kunde
1139;Mattie;Leannon;Mattie23@gmail.com;Mattie.Leannon10
1140;Alfredo;Lubowitz;Alfredo.Lubowitz@hotmail.com;Alfredo_Lubowitz85
1141;Domingo;Monahan;Domingo_Monahan6@yahoo.com;Domingo.Monahan98
1142;Luz;Deckow;Luz_Deckow11@gmail.com;Luz55
1143;Eddie;Lockman;Eddie_Lockman54@yahoo.com;Eddie_Lockman14
1144;Rudy;Yost;Rudy.Yost@yahoo.com;Rudy_Yost
1145;Annie;Beer;Annie14@hotmail.com;Annie.Beer37
1146;Jessie;Mosciski;Jessie68@hotmail.com;Jessie7
1147;Stephanie;Hyatt;Stephanie56@gmail.com;Stephanie_Hyatt25
1148;Inez;McLaughlin;Inez.McLaughlin20@gmail.com;Inez_McLaughlin
1149;Lydia;Langosh;Lydia.Langosh28@hotmail.com;Lydia66
1150;Sylvia;Hahn;Sylvia3@yahoo.com;Sylvia51
